<?xml version="1.0" encoding="UTF-8"?>
<project-private xmlns="http://www.netbeans.org/ns/project-private/1">
    <editor-bookmarks xmlns="http://www.netbeans.org/ns/editor-bookmarks/2" lastBookmarkId="0"/>
    <open-files xmlns="http://www.netbeans.org/ns/projectui-open-files/2">
        <group>
            <file>file:/C:/Users/lenovo/OneDrive/Documents/NetBeansProjects/TokoBaju/src/koneksi/Connector.java</file>
            <file>file:/C:/Users/lenovo/OneDrive/Documents/NetBeansProjects/TokoBaju/src/model/ModelLogin.java</file>
            <file>file:/C:/Users/lenovo/OneDrive/Documents/NetBeansProjects/TokoBaju/src/DAOimplement/Service_Staf.java</file>
            <file>file:/C:/Users/lenovo/OneDrive/Documents/NetBeansProjects/TokoBaju/src/dao/DAOBarang.java</file>
            <file>file:/C:/Users/lenovo/OneDrive/Documents/NetBeansProjects/TokoBaju/src/dao/DAOLogin.java</file>
            <file>file:/C:/Users/lenovo/OneDrive/Documents/NetBeansProjects/TokoBaju/src/view/LoginView.java</file>
            <file>file:/C:/Users/lenovo/OneDrive/Documents/NetBeansProjects/TokoBaju/src/TabelModel/TabelMod_Barang.java</file>
            <file>file:/C:/Users/lenovo/OneDrive/Documents/NetBeansProjects/TokoBaju/src/view/DataJenisBarang.java</file>
            <file>file:/C:/Users/lenovo/OneDrive/Documents/NetBeansProjects/TokoBaju/src/view/ContentBg.java</file>
            <file>file:/C:/Users/lenovo/OneDrive/Documents/NetBeansProjects/TokoBaju/src/dao/Encrypt.java</file>
            <file>file:/C:/Users/lenovo/OneDrive/Documents/NetBeansProjects/TokoBaju/src/view/MenuItem.java</file>
            <file>file:/C:/Users/lenovo/OneDrive/Documents/NetBeansProjects/TokoBaju/src/view/MainMenu.java</file>
            <file>file:/C:/Users/lenovo/OneDrive/Documents/NetBeansProjects/TokoBaju/src/DAOimplement/Service_Login.java</file>
            <file>file:/C:/Users/lenovo/OneDrive/Documents/NetBeansProjects/TokoBaju/src/view/TokoBaju.java</file>
            <file>file:/C:/Users/lenovo/OneDrive/Documents/NetBeansProjects/TokoBaju/src/view/FormBarang.java</file>
            <file>file:/C:/Users/lenovo/OneDrive/Documents/NetBeansProjects/TokoBaju/src/view/MasterBarang.java</file>
        </group>
    </open-files>
</project-private>
